machine_code,machine_name,factory_zone,temperature,vibration,energy_consumption,load_percentage,recorded_at
M003,CNC Machine 03,Zone A,89.55,4.08,27.73,86.74,2026-05-01 08:00:00
M001,Press Machine 01,Zone A,62.19,1.45,101.19,37.36,2026-05-01 09:00:00
M004,Welding Robot 04,Zone C,64.65,2.88,108.17,38.72,2026-05-01 10:00:00
M005,Packaging Line 05,Zone B,50.82,2.74,120.39,94.71,2026-05-01 11:00:00
M005,Packaging Line 05,Zone B,72.52,1.39,55.37,70.07,2026-05-01 12:00:00
M002,Assembly Line 02,Zone B,58.61,2.13,38.85,54.43,2026-05-01 13:00:00
M002,Assembly Line 02,Zone B,49.84,5.46,50.06,41.14,2026-05-01 14:00:00
M001,Press Machine 01,Zone A,71.53,5.83,99.43,68.5,2026-05-01 15:00:00
M003,CNC Machine 03,Zone A,66.88,8.2,77.85,50.65,2026-05-01 16:00:00
M002,Assembly Line 02,Zone B,77.85,2.9,111.91,68.09,2026-05-01 17:00:00
M003,CNC Machine 03,Zone A,79.28,3.25,176.83,42.44,2026-05-01 18:00:00
M004,Welding Robot 04,Zone C,52.75,3.67,169.32,61.57,2026-05-01 19:00:00
M001,Press Machine 01,Zone A,105.43,10.28,160.08,54.77,2026-05-01 20:00:00
M005,Packaging Line 05,Zone B,82.45,1.54,34.98,52.01,2026-05-01 21:00:00
M001,Press Machine 01,Zone A,47.85,6.47,123.54,97.57,2026-05-01 22:00:00
M004,Welding Robot 04,Zone C,58.38,4.01,126.98,36.42,2026-05-01 23:00:00
M004,Welding Robot 04,Zone C,61.71,5.77,98.99,48.75,2026-05-02 00:00:00
M003,CNC Machine 03,Zone A,51.08,2.93,82.55,89.9,2026-05-02 01:00:00
M001,Press Machine 01,Zone A,52.82,4.13,64.45,43.63,2026-05-02 02:00:00
M004,Welding Robot 04,Zone C,85.61,3.17,86.45,57.6,2026-05-02 03:00:00
M004,Welding Robot 04,Zone C,90.01,2.18,48.19,49.61,2026-05-02 04:00:00
M002,Assembly Line 02,Zone B,45.57,7.48,49.17,52.76,2026-05-02 05:00:00
M002,Assembly Line 02,Zone B,64.69,3.88,110.61,95.05,2026-05-02 06:00:00
M005,Packaging Line 05,Zone B,89.66,6.11,138.37,63.77,2026-05-02 07:00:00
M005,Packaging Line 05,Zone B,63.44,4.11,36.57,74.96,2026-05-02 08:00:00
M001,Press Machine 01,Zone A,53.96,8.68,90.5,41.93,2026-05-02 09:00:00
M005,Packaging Line 05,Zone B,47.47,1.0,44.2,41.39,2026-05-02 10:00:00
M003,CNC Machine 03,Zone A,73.85,1.55,53.27,58.7,2026-05-02 11:00:00
M003,CNC Machine 03,Zone A,89.91,5.7,95.86,42.27,2026-05-02 12:00:00
M004,Welding Robot 04,Zone C,91.68,4.63,97.41,40.41,2026-05-02 13:00:00
M001,Press Machine 01,Zone A,80.23,6.77,96.58,78.6,2026-05-02 14:00:00
M005,Packaging Line 05,Zone B,46.09,8.42,104.52,44.24,2026-05-02 15:00:00
M005,Packaging Line 05,Zone B,87.96,6.91,67.69,75.5,2026-05-02 16:00:00
M001,Press Machine 01,Zone A,106.58,10.1,78.67,45.52,2026-05-02 17:00:00
M005,Packaging Line 05,Zone B,60.49,2.74,149.84,97.05,2026-05-02 18:00:00
M002,Assembly Line 02,Zone B,82.89,7.38,138.38,49.28,2026-05-02 19:00:00
M005,Packaging Line 05,Zone B,68.16,6.7,178.34,84.78,2026-05-02 20:00:00
M004,Welding Robot 04,Zone C,57.18,6.4,173.04,63.18,2026-05-02 21:00:00
M003,CNC Machine 03,Zone A,89.89,3.84,55.27,49.29,2026-05-02 22:00:00
M002,Assembly Line 02,Zone B,60.87,4.76,177.64,73.45,2026-05-02 23:00:00
M001,Press Machine 01,Zone A,67.54,6.09,147.94,40.34,2026-05-03 00:00:00
M001,Press Machine 01,Zone A,87.76,7.1,140.02,65.12,2026-05-03 01:00:00
M002,Assembly Line 02,Zone B,65.39,5.96,33.88,94.61,2026-05-03 02:00:00
M004,Welding Robot 04,Zone C,66.77,6.8,33.59,45.01,2026-05-03 03:00:00
M002,Assembly Line 02,Zone B,46.29,5.61,94.46,76.32,2026-05-03 04:00:00
M005,Packaging Line 05,Zone B,83.85,8.65,125.16,57.08,2026-05-03 05:00:00
M005,Packaging Line 05,Zone B,70.77,1.17,147.9,80.76,2026-05-03 06:00:00
M001,Press Machine 01,Zone A,69.75,8.28,89.41,89.92,2026-05-03 07:00:00
M002,Assembly Line 02,Zone B,46.32,2.66,100.19,83.11,2026-05-03 08:00:00
M003,CNC Machine 03,Zone A,57.19,4.27,40.97,92.33,2026-05-03 09:00:00
M003,CNC Machine 03,Zone A,87.19,6.17,150.41,67.56,2026-05-03 10:00:00
M005,Packaging Line 05,Zone B,51.15,2.18,101.69,89.99,2026-05-03 11:00:00
M002,Assembly Line 02,Zone B,73.6,7.05,43.97,43.92,2026-05-03 12:00:00
M005,Packaging Line 05,Zone B,79.08,5.34,72.16,67.66,2026-05-03 13:00:00
M005,Packaging Line 05,Zone B,67.68,7.06,161.32,38.58,2026-05-03 14:00:00
M002,Assembly Line 02,Zone B,58.02,7.02,101.23,70.39,2026-05-03 15:00:00
M001,Press Machine 01,Zone A,65.83,5.78,100.89,67.27,2026-05-03 16:00:00
M003,CNC Machine 03,Zone A,66.26,5.16,96.49,94.31,2026-05-03 17:00:00
M005,Packaging Line 05,Zone B,86.2,8.35,61.53,70.25,2026-05-03 18:00:00
M002,Assembly Line 02,Zone B,84.48,2.07,39.46,62.85,2026-05-03 19:00:00
M001,Press Machine 01,Zone A,76.54,4.34,54.03,54.08,2026-05-03 20:00:00
M001,Press Machine 01,Zone A,87.16,2.2,134.58,76.6,2026-05-03 21:00:00
M002,Assembly Line 02,Zone B,56.9,2.07,94.84,82.04,2026-05-03 22:00:00
M001,Press Machine 01,Zone A,63.72,4.8,178.38,87.44,2026-05-03 23:00:00
M002,Assembly Line 02,Zone B,78.2,8.75,84.61,61.54,2026-05-04 00:00:00
M003,CNC Machine 03,Zone A,59.97,6.63,23.12,69.91,2026-05-04 01:00:00
M004,Welding Robot 04,Zone C,78.05,4.0,102.79,53.61,2026-05-04 02:00:00
M001,Press Machine 01,Zone A,50.3,8.16,56.57,90.21,2026-05-04 03:00:00
M001,Press Machine 01,Zone A,57.48,1.31,144.64,52.04,2026-05-04 04:00:00
M002,Assembly Line 02,Zone B,83.53,7.63,128.16,94.6,2026-05-04 05:00:00
M004,Welding Robot 04,Zone C,52.02,8.17,111.3,79.13,2026-05-04 06:00:00
M001,Press Machine 01,Zone A,58.12,7.24,49.34,91.4,2026-05-04 07:00:00
M003,CNC Machine 03,Zone A,89.1,5.95,148.26,40.28,2026-05-04 08:00:00
M002,Assembly Line 02,Zone B,48.13,7.73,92.6,56.37,2026-05-04 09:00:00
M005,Packaging Line 05,Zone B,64.63,8.14,119.47,37.72,2026-05-04 10:00:00
M002,Assembly Line 02,Zone B,89.09,8.56,61.9,46.41,2026-05-04 11:00:00
M003,CNC Machine 03,Zone A,74.55,5.14,52.94,63.08,2026-05-04 12:00:00
M002,Assembly Line 02,Zone B,57.71,7.27,179.12,37.33,2026-05-04 13:00:00
M001,Press Machine 01,Zone A,109.02,8.82,50.31,64.91,2026-05-04 14:00:00
M004,Welding Robot 04,Zone C,75.86,5.26,162.2,96.13,2026-05-04 15:00:00
M003,CNC Machine 03,Zone A,77.32,8.66,74.83,87.43,2026-05-04 16:00:00
M002,Assembly Line 02,Zone B,64.02,3.71,28.7,43.18,2026-05-04 17:00:00
M001,Press Machine 01,Zone A,74.4,7.86,88.92,38.49,2026-05-04 18:00:00
M004,Welding Robot 04,Zone C,85.92,6.23,65.11,50.26,2026-05-04 19:00:00
M003,CNC Machine 03,Zone A,47.13,2.45,63.05,35.23,2026-05-04 20:00:00
M003,CNC Machine 03,Zone A,90.2,8.59,107.53,50.4,2026-05-04 21:00:00
M003,CNC Machine 03,Zone A,55.24,2.43,73.65,40.29,2026-05-04 22:00:00
M003,CNC Machine 03,Zone A,68.63,2.57,100.76,35.31,2026-05-04 23:00:00
M003,CNC Machine 03,Zone A,83.4,2.12,113.89,59.82,2026-05-05 00:00:00
M003,CNC Machine 03,Zone A,59.3,2.82,113.69,68.34,2026-05-05 01:00:00
M002,Assembly Line 02,Zone B,75.9,6.58,160.65,59.54,2026-05-05 02:00:00
M003,CNC Machine 03,Zone A,78.87,4.85,65.47,73.98,2026-05-05 03:00:00
M002,Assembly Line 02,Zone B,47.06,7.52,162.71,74.52,2026-05-05 04:00:00
M005,Packaging Line 05,Zone B,51.55,5.09,100.7,87.6,2026-05-05 05:00:00
M001,Press Machine 01,Zone A,83.84,5.56,162.85,78.02,2026-05-05 06:00:00
M002,Assembly Line 02,Zone B,49.0,1.33,121.94,95.45,2026-05-05 07:00:00
M004,Welding Robot 04,Zone C,84.28,5.36,120.44,74.45,2026-05-05 08:00:00
M002,Assembly Line 02,Zone B,68.0,1.03,147.63,82.14,2026-05-05 09:00:00
M005,Packaging Line 05,Zone B,87.2,1.72,104.16,81.98,2026-05-05 10:00:00
M004,Welding Robot 04,Zone C,56.85,1.58,62.49,80.95,2026-05-05 11:00:00
M002,Assembly Line 02,Zone B,55.84,6.07,93.65,88.27,2026-05-05 12:00:00
M001,Press Machine 01,Zone A,67.51,6.33,142.72,73.87,2026-05-05 13:00:00
M002,Assembly Line 02,Zone B,48.64,2.15,60.63,81.82,2026-05-05 14:00:00
M003,CNC Machine 03,Zone A,74.19,2.04,97.19,65.61,2026-05-05 15:00:00
M001,Press Machine 01,Zone A,101.97,9.9,66.54,67.54,2026-05-05 16:00:00
M001,Press Machine 01,Zone A,91.69,5.28,69.87,40.41,2026-05-05 17:00:00
M004,Welding Robot 04,Zone C,45.82,4.58,151.18,95.99,2026-05-05 18:00:00
M004,Welding Robot 04,Zone C,91.72,4.02,166.65,93.62,2026-05-05 19:00:00
M001,Press Machine 01,Zone A,72.33,2.11,103.85,95.02,2026-05-05 20:00:00
M002,Assembly Line 02,Zone B,73.36,5.93,64.73,42.1,2026-05-05 21:00:00
M003,CNC Machine 03,Zone A,55.88,8.0,97.78,36.56,2026-05-05 22:00:00
M001,Press Machine 01,Zone A,89.65,6.32,84.87,80.81,2026-05-05 23:00:00
M004,Welding Robot 04,Zone C,61.17,3.47,154.44,35.11,2026-05-06 00:00:00
M003,CNC Machine 03,Zone A,84.44,1.94,168.22,79.92,2026-05-06 01:00:00
M003,CNC Machine 03,Zone A,56.9,1.51,82.43,89.81,2026-05-06 02:00:00
M001,Press Machine 01,Zone A,61.95,4.34,64.02,38.04,2026-05-06 03:00:00
M001,Press Machine 01,Zone A,47.43,6.16,121.59,44.38,2026-05-06 04:00:00
M003,CNC Machine 03,Zone A,65.5,3.46,143.71,84.46,2026-05-06 05:00:00
M004,Welding Robot 04,Zone C,86.56,7.33,120.94,92.55,2026-05-06 06:00:00
M005,Packaging Line 05,Zone B,70.81,6.61,27.92,81.14,2026-05-06 07:00:00